Des métiers par Secteur,URL,
Agriculture,http://www.onisep.fr/Decouvrir-les-metiers/Des-metiers-par-secteur/Agriculture
Filiere bois,http://www.onisep.fr/Decouvrir-les-metiers/Des-metiers-par-secteur/Filiere-bois
"Architecture, urbanisme et paysage",http://www.onisep.fr/Decouvrir-les-metiers/Des-metiers-par-secteur/Architecture-urbanisme-paysage
Armée - Défense,http://www.onisep.fr/Decouvrir-les-metiers/Des-metiers-par-secteur/Defense
Sécurité,http://www.onisep.fr/Decouvrir-les-metiers/Des-metiers-par-secteur/Securite
Art et design,http://www.onisep.fr/Decouvrir-les-metiers/Des-metiers-par-secteur/Art-et-design
Artisanat d'art,http://www.onisep.fr/Decouvrir-les-metiers/Des-metiers-par-secteur/Artisanat-d-art
Arts du spectacle,http://www.onisep.fr/Decouvrir-les-metiers/Des-metiers-par-secteur/Arts-du-spectacle
Culture et patrimoine,http://www.onisep.fr/Decouvrir-les-metiers/Des-metiers-par-secteur/Culture-et-patrimoine
Mode,http://www.onisep.fr/Decouvrir-les-metiers/Des-metiers-par-secteur/Mode
Banque et assurance,http://www.onisep.fr/Decouvrir-les-metiers/Des-metiers-par-secteur/Banque-et-assurance
Audiovisuel,http://www.onisep.fr/Decouvrir-les-metiers/Des-metiers-par-secteur/Audiovisuel
Communication,http://www.onisep.fr/Decouvrir-les-metiers/Des-metiers-par-secteur/Communication
"Édition, librairie, bibliothèque",http://www.onisep.fr/Decouvrir-les-metiers/Des-metiers-par-secteur/Edition-librairie-bibliotheque
"Traduction, interprétation",http://www.onisep.fr/Decouvrir-les-metiers/Des-metiers-par-secteur/Traduction-interpretation
Bâtiment et travaux publics (BTP),http://www.onisep.fr/Decouvrir-les-metiers/Des-metiers-par-secteur/Batiment-et-travaux-publics-BTP
"Comptabilité, gestion, ressources humaines",http://www.onisep.fr/Decouvrir-les-metiers/Des-metiers-par-secteur/Comptabilite-gestion-ressources-humaines
Droit et justice,http://www.onisep.fr/Decouvrir-les-metiers/Des-metiers-par-secteur/Droit-et-justice
Enseignement,http://www.onisep.fr/Decouvrir-les-metiers/Des-metiers-par-secteur/Enseignement
Recherche,http://www.onisep.fr/Decouvrir-les-metiers/Des-metiers-par-secteur/Recherche
Énergie,http://www.onisep.fr/Decouvrir-les-metiers/Des-metiers-par-secteur/Energie
Environnement,http://www.onisep.fr/Decouvrir-les-metiers/Des-metiers-par-secteur/Environnement
Logistique et transport,http://www.onisep.fr/Decouvrir-les-metiers/Des-metiers-par-secteur/Logistique-et-transport
"Hôtellerie, restauration",http://www.onisep.fr/Decouvrir-les-metiers/Des-metiers-par-secteur/Hotellerie-restauration
Tourisme,http://www.onisep.fr/Decouvrir-les-metiers/Des-metiers-par-secteur/Tourisme
Agroéquipement,http://www.onisep.fr/Decouvrir-les-metiers/Des-metiers-par-secteur/Agroequipement
Automobile,http://www.onisep.fr/Decouvrir-les-metiers/Des-metiers-par-secteur/Automobile
"Construction aéronautique, ferroviaire et navale",http://www.onisep.fr/Decouvrir-les-metiers/Des-metiers-par-secteur/Construction-aeronautique-ferroviaire-et-navale
Électronique,http://www.onisep.fr/Decouvrir-les-metiers/Des-metiers-par-secteur/Electronique
Industrie alimentaire,http://www.onisep.fr/Decouvrir-les-metiers/Des-metiers-par-secteur/Industrie-alimentaire
Industrie chimique,http://www.onisep.fr/Decouvrir-les-metiers/Des-metiers-par-secteur/Industrie-chimique
Maintenance,http://www.onisep.fr/Decouvrir-les-metiers/Des-metiers-par-secteur/Maintenance
Mécanique,http://www.onisep.fr/Decouvrir-les-metiers/Des-metiers-par-secteur/Mecanique
"Verre, béton, céramique",http://www.onisep.fr/Decouvrir-les-metiers/Des-metiers-par-secteur/Verre-beton-ceramique
Informatique et réseaux,http://www.onisep.fr/Decouvrir-les-metiers/Des-metiers-par-secteur/Informatique-et-reseaux
Jeu vidéo,http://www.onisep.fr/Decouvrir-les-metiers/Des-metiers-par-secteur/Jeu-video
Commerce et distribution,http://www.onisep.fr/Decouvrir-les-metiers/Des-metiers-par-secteur/Commerce-et-distribution
"Marketing, publicité",http://www.onisep.fr/Decouvrir-les-metiers/Des-metiers-par-secteur/Marketing-publicite
Médical,http://www.onisep.fr/Decouvrir-les-metiers/Des-metiers-par-secteur/Medical
Paramédical,http://www.onisep.fr/Decouvrir-les-metiers/Des-metiers-par-secteur/Paramedical
Social,http://www.onisep.fr/Decouvrir-les-metiers/Des-metiers-par-secteur/Social
Sport,http://www.onisep.fr/Decouvrir-les-metiers/Des-metiers-par-secteur/Sport
